Original,Replacement,Consonant,Simple
,,,
,,,
Ã≤,,,
ÃÅ,,,
ÃÄ,,,
ÃÜ,,,
Ãå,,,
Ãà,,,
Ãã,,,
ÃÉ,,,
ÃÑ,,,
ÃØ,,,
Ã£,,,
_,,,
;,,,
!,,,
¬ø,,,
",,,
#,,,
`,,,
¬¥,,,
ÀÜ,,,
Àá,,,
=,,,
|,,,
Àë,,,
a,,,
A,,,
…ë,,,
…í,,,
b,,,
B,,,
c,,,
C,,,
d,,,
D,,,
 §,,,
e,,,
E,,,
«ù,,,
…ô,,,
f,,,
F,,,
g,,,
G,,,
…£,,,
∆î,,,
h,,,
H,,,
 ∞,,,
 ±,,,
i,,,
I,,,
…©,,,
j,,,
J,,,
 ≤,,,
k,,,
K,,,
l,,,
L,,,
…Æ,,,
∆õ,,,
m,,,
M,,,
n,,,
N,,,
o,,,
…î,,,
p,,,
P,,,
…∏,,,
q,,,
r,,,
R,,,
 Å,,,
s,,,
S,,,
 É,,,
t,,,
T,,,
 ß,,,
u,,,
U,,,
…Ø,,,
 ä,,,
v,,,
V,,,
 å,,,
w,,,
W,,,
 ∑,,,
x,,,
y,,,
 ∏,,,
z,,,
Z,,,
 í,,,
∆∑,,,
 î,,,
ÀÄ,,,
 ï,,,
À§,,,
ÀÅ,,,
Œ≤,,,
Œ≥,,,
Œ¥,,,
Œµ,,,
Œ∏,,,
œë,,,
Œô,,,
Œª,,,
Œ¶,,,
œá,,,
–∞,,,
”ô,,,
–±,,,
–≤,,,
–≥,,,
–¥,,,
–î,,,
–µ,,,
—ë,,,
”°,,,
–∏,,,
”£,,,
–Ü,,,
–π,,,
–∫,,,
–ª,,,
–º,,,
–ú,,,
–Ω,,,
–æ,,,
–ø,,,
—Ä,,,
—Å,,,
—Ç,,,
—õ,,,
—É,,,
”Ø,,,
—Ö,,,
–•,,,
—Ü,,,
—á,,,
—à,,,
–®,,,
—ä,,,
–™,,,
—å,,,
—é,,,
