ID,Language_ID,Language_name,Parameter_ID,Value,Transcription,Concept,Source,Comment,AlternativeValue,AlternativeTranscription
14-310-315-1,yama1264,Yagán,1676,kuka,Phonemic,always,,,,
14-290-315-1,yama1264,Yagán,790,kaita,Phonemic,ready,,,,
14-280-315-1,yama1264,Yagán,1928,apaikatenata,Phonemic,"cease, stop",,,,
14-270-315-1,yama1264,Yagán,1766,uštakata,Phonemic,finish,,Means finish talking.,,
14-260-315-1,yama1264,Yagán,743,uškuf,Phonemic,end (temporal),,,,
14-220-315-1,yama1264,Yagán,701,utaš,Phonemic,slow,,,,
14-210-315-1,yama1264,Yagán,1631,šamiku,Phonemic,"swift, fast, quick",,,,
14-190-315-1,yama1264,Yagán,1963,inakun,Phonemic,immediately,,,,
14-180-315-1,yama1264,Yagán,1376,yar,Phonemic,now,,,,
14-160-315-1,yama1264,Yagán,672,[erli],Phonemic,early,,From English 'early'.,,
14-150-315-1,yama1264,Yagán,1229,tawa,Phonemic,old,,,,
14-140-315-1,yama1264,Yagán,1207,yaruma,Phonemic,young,,,,
14-130-315-1,yama1264,Yagán,1231,yarma,Phonemic,new,,,,
13-350-315-1,yama1264,Yagán,1529,kopakolu,Phonemic,last,,Respectively: the last one; more remote.,,
13-350-315-3,yama1264,Yagán,1529,kupašpa,Phonemic,last,,Respectively: the last one; more remote.,,
13-340-315-1,yama1264,Yagán,728,ayana,Phonemic,first,,,,
13-330-315-1,yama1264,Yagán,1580,tapan,Phonemic,"alone, only",,,,
13-220-315-1,yama1264,Yagán,1624,apula,Phonemic,empty,,"For example, 'les shells'.",,
13-210-315-1,yama1264,Yagán,1429,čaluku,Phonemic,full,,,,
13-181-315-1,yama1264,Yagán,1241,tayatu,Phonemic,some,,,,
13-170-315-1,yama1264,Yagán,1242,yaxa,Phonemic,"little (quantity), few",,Same as 'small' 12.560.,,
13-170-315-3,yama1264,Yagán,1242,uratur,Phonemic,"little (quantity), few",,Same as 'small' 12.560.,,
13-150-315-1,yama1264,Yagán,1198,weru,Phonemic,"much, many",,,,
13-140-315-1,yama1264,Yagán,98,xanikina,Phonemic,"every, all",,,,
13-107-315-1,yama1264,Yagán,1420,kamper,Phonemic,count,,,,
13-40-315-1,yama1264,Yagán,1500,kupakunu,Phonemic,four,,,,
13-20-315-1,yama1264,Yagán,1498,kampeipi,Phonemic,two,,,,
13-30-315-1,yama1264,Yagán,492,matan,Phonemic,three,,,,
13-10-315-1,yama1264,Yagán,1493,koli,Phonemic,one,,,,
12-930-315-1,yama1264,Yagán,1264,mesata,Phonemic,change,,,,
12-920-315-1,yama1264,Yagán,1558,čiku,Phonemic,"like, similar",,,,
12-850-315-1,yama1264,Yagán,1667,puta,Phonemic,hole,,,,
12-760-315-1,yama1264,Yagán,192,kakočin,Phonemic,corner,,,,
12-740-315-1,yama1264,Yagán,297,xayaka,Phonemic,crooked,,,,
12-730-315-1,yama1264,Yagán,1404,šalatas,Phonemic,straight,,,,
12-710-315-1,yama1264,Yagán,1633,panuš,Phonemic,flat,,,,
12-650-315-1,yama1264,Yagán,2249,sal,Phonemic,thin (in dimension),,,,
12-620-315-1,yama1264,Yagán,1267,salya,Phonemic,narrow,,,,
12-610-315-1,yama1264,Yagán,1243,patuxa,Phonemic,"wide, broad",,,,
12-590-315-1,yama1264,Yagán,1645,utala,Phonemic,short,,,,
12-580-315-1,yama1264,Yagán,711,manakata,Phonemic,tall,,,,
12-580-315-3,yama1264,Yagán,711,muka,Phonemic,tall,,,,
12-570-315-1,yama1264,Yagán,1203,muka,Phonemic,long,,,,
12-560-315-1,yama1264,Yagán,1246,yaxa,Phonemic,"small, little",,Same as 'few' 13.170.,,
12-550-315-1,yama1264,Yagán,1202,manakata,Phonemic,"large, big",,Also xulu.,,
12-530-315-1,yama1264,Yagán,479,pušu,Phonemic,grow,,,,
12-480-315-1,yama1264,Yagán,1595,itax,Phonemic,south,,Refers to the wind from the south. ilan refers to the wind from the south.,,
12-470-315-1,yama1264,Yagán,1598,uša,Phonemic,north,,Same as 'wind 01.720; refers to the wind from the north.,,
12-460-315-1,yama1264,Yagán,1817,inal,Phonemic,west,,Refers to the wind from the west.,,
12-450-315-1,yama1264,Yagán,1877,itaš,Phonemic,east,,Refers to the wind from the east. italu refers to the wind from below.,,
12-430-315-1,yama1264,Yagán,1942,kaša,Phonemic,near (adv),,,,
12-440-315-1,yama1264,Yagán,1406,xakusi,Phonemic,far (adv),,Also yamuka; yamka.,,
12-420-315-1,yama1264,Yagán,244,eskula,Phonemic,left (side),,,,
12-410-315-1,yama1264,Yagán,1019,šalatas,Phonemic,right (side),,Also wana.,,
12-352-315-1,yama1264,Yagán,372,mara,Phonemic,pointed,,,,
12-340-315-1,yama1264,Yagán,690,uša,Phonemic,bottom,,,,
12-310-315-1,yama1264,Yagán,1265,manakata,Phonemic,high,,,,
12-310-315-3,yama1264,Yagán,1265,muka,Phonemic,high,,,,
12-270-315-1,yama1264,Yagán,602,muštaka,Phonemic,"hide, conceal",,,,
12-250-315-1,yama1264,Yagán,1046,takatika,Phonemic,"shut, close",,,,
12-240-315-1,yama1264,Yagán,1156,myatata,Phonemic,open,,,,
12-230-315-1,yama1264,Yagán,1359,aršo,Phonemic,separate,,,,
12-213-315-1,yama1264,Yagán,1576,šamarmuta,Phonemic,pile up,,,,
12-210-315-1,yama1264,Yagán,7,kipi,Phonemic,"collect, gather",,,,
12-150-315-1,yama1264,Yagán,1442,kamato,Phonemic,stand,,Also mani.,,
12-140-315-1,yama1264,Yagán,215,yea,Phonemic,lie down,,,,
12-130-315-1,yama1264,Yagán,1416,mutu,Phonemic,sit,,,,
12-120-315-1,yama1264,Yagán,998,umutu,Phonemic,put,,,,
12-120-315-3,yama1264,Yagán,998,utika,Phonemic,put,,,,
12-110-315-1,yama1264,Yagán,723,[pleis],Phonemic,place,,From English 'place'. Also kamano.,,
12-80-315-1,yama1264,Yagán,1591,wapu,Phonemic,"up, above",,,,
12-80-315-3,yama1264,Yagán,1591,inu,Phonemic,"up, above",,,,
12-70-315-1,yama1264,Yagán,1485,kilu,Phonemic,under,,,,
12-60-315-1,yama1264,Yagán,762,asi,Phonemic,outside,,,,
12-50-315-1,yama1264,Yagán,1606,akan,Phonemic,"inside, in",,,,
12-41-315-1,yama1264,Yagán,1883,ša,Phonemic,front,,,,
12-40-315-1,yama1264,Yagán,1882,wata,Phonemic,before,,,,
12-30-315-1,yama1264,Yagán,2094,itaku,Phonemic,"down, below",,,,
12-20-315-1,yama1264,Yagán,1816,yuain,Phonemic,beside,,,,
12-11-315-1,yama1264,Yagán,1686,ušpan,Phonemic,behind,,,,
12-10-315-1,yama1264,Yagán,1685,ušpan,Phonemic,after,,,,
11-920-315-1,yama1264,Yagán,1098,xašu,Phonemic,weigh,,,,
11-880-315-1,yama1264,Yagán,1426,[tiar],Phonemic,"dear (costly, expensive)",,From English 'dear'.,,
11-860-315-1,yama1264,Yagán,752,[štor],Phonemic,"store, shop",,From English 'store'.,,
11-820-315-1,yama1264,Yagán,1571,tumušatata,Phonemic,sell,,,,
11-810-315-1,yama1264,Yagán,1869,tere,Phonemic,buy,,,,
11-620-315-1,yama1264,Yagán,1823,manaku,Phonemic,borrow,,,,
11-610-315-1,yama1264,Yagán,582,manaku,Phonemic,lend,,,,
11-520-315-1,yama1264,Yagán,1674,matumor,Phonemic,poor,,,,
11-430-315-1,yama1264,Yagán,1559,[mani],Phonemic,money,,From English 'money'.,,
11-330-315-1,yama1264,Yagán,1660,malaku,Phonemic,lose,,,,
11-320-315-1,yama1264,Yagán,719,tiki,Phonemic,find,,,,
11-310-315-1,yama1264,Yagán,1468,tenux,Phonemic,"seek, look for",,,,
11-210-315-1,yama1264,Yagán,1447,taku,Phonemic,give,,Also tawa; swan; yatu.,,
11-180-315-1,yama1264,Yagán,738,šix,Phonemic,thing,,,,
11-170-315-1,yama1264,Yagán,1477,saustika,Phonemic,"keep, retain",,,,
11-160-315-1,yama1264,Yagán,694,asa,Phonemic,"get, obtain",,,,
11-150-315-1,yama1264,Yagán,1448,ata,Phonemic,hold,,,,
11-140-315-1,yama1264,Yagán,2021,ata,Phonemic,"seize, grasp",,,,
11-130-315-1,yama1264,Yagán,1749,ata,Phonemic,take,,,,
11-110-315-1,yama1264,Yagán,773,anu,Phonemic,have,,,,
10-890-315-1,yama1264,Yagán,1870,iya,Phonemic,anchor,,,,
10-860-315-1,yama1264,Yagán,108,ušpi,Phonemic,rudder,,,,
10-851-315-1,yama1264,Yagán,234,api,Phonemic,paddle (noun),,,,
10-850-315-1,yama1264,Yagán,108,api,Phonemic,oar,,,,
10-831-315-1,yama1264,Yagán,1970,anan,Phonemic,canoe,,,,
10-830-315-1,yama1264,Yagán,1844,usana,Phonemic,boat,,,,
10-810-315-1,yama1264,Yagán,740,usana,Phonemic,ship,,"Compound form of usi + anan, 'country + pirogue'.",,
10-710-315-1,yama1264,Yagán,667,[ruta],Phonemic,road,,From Span.,,
10-670-315-1,yama1264,Yagán,1452,tapona,Phonemic,"push, shove",,Also atoleto.,,
10-630-315-1,yama1264,Yagán,1127,tutuna,Phonemic,send,,,,
10-620-315-1,yama1264,Yagán,692,ata,Phonemic,bring,,,,
10-613-315-1,yama1264,Yagán,413,wamanata,Phonemic,carry-on-shoulder,,,,
10-612-315-1,yama1264,Yagán,412,ikimata,Phonemic,carry-in-hand,,,,
10-612-315-3,yama1264,Yagán,412,aipata,Phonemic,carry-in-hand,,,,
10-610-315-1,yama1264,Yagán,700,yukaya,Phonemic,carry (bear),,Means 'to carry in the mouth'.,,
10-570-315-1,yama1264,Yagán,749,mače,Phonemic,enter,,,,
10-550-315-1,yama1264,Yagán,1387,akatata,Phonemic,"reach, arrive",,,,
10-490-315-1,yama1264,Yagán,1752,katuš,Phonemic,"go away, depart",,Also katika; karako.,,
10-481-315-1,yama1264,Yagán,581,šanato,Phonemic,come back,,,,
10-480-315-1,yama1264,Yagán,1446,akata,Phonemic,come,,,,
10-474-315-1,yama1264,Yagán,1107,manačka,Phonemic,go out,,,,
10-473-315-1,yama1264,Yagán,2014,mina,Phonemic,go down,,,,
10-472-315-1,yama1264,Yagán,1102,melaku,Phonemic,climb,,,,
10-470-315-1,yama1264,Yagán,695,katuš,Phonemic,go,,Also katika; karako; šanato.,,
10-471-315-1,yama1264,Yagán,705,muru,Phonemic,go up,,,,
10-460-315-1,yama1264,Yagán,1519,tatu,Phonemic,run,,,,
10-451-315-1,yama1264,Yagán,366,lun,Phonemic,limp,,,,
10-450-315-1,yama1264,Yagán,1443,una,Phonemic,walk,,,,
10-440-315-1,yama1264,Yagán,1879,[tansa],Phonemic,dance,,From English 'dance'.,,
10-430-315-1,yama1264,Yagán,1829,akuru,Phonemic,"jump, leap",,,,
10-412-315-1,yama1264,Yagán,66,tulepuš,Phonemic,kneel,,See 'knee' 04.360.,,
10-410-315-1,yama1264,Yagán,96,mutama,Phonemic,"creep, crawl",,,,
10-380-315-1,yama1264,Yagán,175,lupu,Phonemic,blow,,,,
10-370-315-1,yama1264,Yagán,1441,miku,Phonemic,fly (vb),,,,
10-351-315-1,yama1264,Yagán,119,akiswanari,Phonemic,dive,,,,
10-350-315-1,yama1264,Yagán,1439,moner,Phonemic,swim,,,,
10-340-315-1,yama1264,Yagán,1574,moner,Phonemic,float,,,,
10-320-315-1,yama1264,Yagán,2003,akulya,Phonemic,flow,,,,
10-260-315-1,yama1264,Yagán,1909,tukulaša,Phonemic,shake,,,,
10-252-315-1,yama1264,Yagán,702,ata,Phonemic,catch (ball),,,,
10-250-315-1,yama1264,Yagán,1456,kanana,Phonemic,throw,,,,
10-230-315-1,yama1264,Yagán,1280,apana,Phonemic,fall,,Also lopai; putalana.,,
10-220-315-1,yama1264,Yagán,501,ilana,Phonemic,"raise, lift",,,,
10-210-315-1,yama1264,Yagán,568,kamato,Phonemic,rise,,Also muru.,,
10-170-315-1,yama1264,Yagán,430,kalapuš,Phonemic,twist,,,,
10-160-315-1,yama1264,Yagán,808,uštamula,Phonemic,drop (vb),,,,
10-150-315-1,yama1264,Yagán,827,utala,Phonemic,roll,,,,
10-140-315-1,yama1264,Yagán,1113,kumušata,Phonemic,"wind, wrap",,,,
10-130-315-1,yama1264,Yagán,1445,tumušunata,Phonemic,turn around,,,,
10-120-315-1,yama1264,Yagán,1588,ulwara,Phonemic,turn over,,,,
9-890-315-1,yama1264,Yagán,2001,ikamana,Phonemic,paint (vb),,,,
9-840-315-1,yama1264,Yagán,1979,tukalapana,Phonemic,chisel,,,,
9-880-315-1,yama1264,Yagán,647,imi,Phonemic,paint (noun),,Means white ceremonial paint. Red ceremonial paint is šowe.,,
9-760-315-1,yama1264,Yagán,1539,trepa,Phonemic,basket,,,,
9-760-315-3,yama1264,Yagán,1539,kaiči,Phonemic,basket,,,,
9-760-315-5,yama1264,Yagán,1539,estepa,Phonemic,basket,,,,
9-750-315-1,yama1264,Yagán,1729,yatana,Phonemic,"weave, plait",,,,
9-750-315-3,yama1264,Yagán,1729,kamuku,Phonemic,"weave, plait",,,,
9-740-315-1,yama1264,Yagán,604,[glas],Phonemic,glass,,From English 'glass'.,,
9-490-315-1,yama1264,Yagán,1481,[xamara],Phonemic,hammer,,From English 'hammer'.,,
9-461-315-1,yama1264,Yagán,46,luteamaka,Phonemic,hollow out,,,,
9-440-315-1,yama1264,Yagán,1840,ilana,Phonemic,build,,,,
9-422-315-1,yama1264,Yagán,1361,sir,Phonemic,tool,,,,
9-360-315-1,yama1264,Yagán,1453,uksi,Phonemic,wash,,,,
9-370-315-1,yama1264,Yagán,230,kamaku,Phonemic,sweep,,,,
9-350-315-1,yama1264,Yagán,1487,manakutsela,Phonemic,pour,,,,
9-342-315-1,yama1264,Yagán,1913,atupawanata,Phonemic,press,,Also ataku.,,
9-341-315-1,yama1264,Yagán,357,ateyeka,Phonemic,hang up,,,,
9-330-315-1,yama1264,Yagán,1455,tapona,Phonemic,pull,,Also atoleto.,,
9-320-315-1,yama1264,Yagán,214,maosa,Phonemic,stretch,,,,
9-310-315-1,yama1264,Yagán,1449,pratan,Phonemic,"rub, wipe",,Also watana; unupata.,,
9-290-315-1,yama1264,Yagán,291,kaiminakana,Phonemic,"flay, skin",,,,
9-270-315-1,yama1264,Yagán,1437,akitakuta,Phonemic,split,,,,
9-260-315-1,yama1264,Yagán,680,[prikan],Phonemic,break,,From English 'break'.,,
9-250-315-1,yama1264,Yagán,677,xališ,Phonemic,ax,,,,
9-230-315-1,yama1264,Yagán,1352,[naif],Phonemic,knife,,From English 'knife'.,,
9-230-315-3,yama1264,Yagán,1352,wila,Phonemic,knife,,From English 'knife'.,,
9-223-315-1,yama1264,Yagán,1434,tuna,Phonemic,stab,,,,
9-222-315-1,yama1264,Yagán,155,akwama,Phonemic,"chop, hew",,,,
9-220-315-1,yama1264,Yagán,1432,ašokata,Phonemic,cut,,,,
9-210-315-1,yama1264,Yagán,2133,putušu,Phonemic,"strike (hit, beat)",,Also aki; akutušu.,,
9-190-315-1,yama1264,Yagán,1218,šukami,Phonemic,"rope, cord",,,,
9-160-315-1,yama1264,Yagán,1917,yamaseta,Phonemic,"tie, bind",,,,
9-150-315-1,yama1264,Yagán,1470,tankušu,Phonemic,fold,,,,
9-140-315-1,yama1264,Yagán,2004,atwiskula,Phonemic,bend,,,,
9-120-315-1,yama1264,Yagán,984,uštaku,Phonemic,work,,,,
9-110-315-1,yama1264,Yagán,2575,akina,Phonemic,"do, make",,,,
8-750-315-1,yama1264,Yagán,1204,aišu,Phonemic,bark,,,,
8-730-315-1,yama1264,Yagán,344,waruš,Phonemic,tree trunk,,,,
8-690-315-1,yama1264,Yagán,1689,ušku,Phonemic,smoke (tobacco),,Cf. 01.830.,,
8-610-315-1,yama1264,Yagán,644,xanis,Phonemic,oak,,,,
8-600-315-1,yama1264,Yagán,906,šopeya,Phonemic,tree,,,,
8-600-315-3,yama1264,Yagán,906,pouš,Phonemic,tree,,,,
8-570-315-1,yama1264,Yagán,239,[flaurs],Phonemic,flower,,From English 'flower'.,,
8-560-315-1,yama1264,Yagán,628,šuka,Phonemic,leaf,,Also šopeya (also 'branch'); and pouš (also 'tree').,,
8-550-315-1,yama1264,Yagán,1531,šopeya,Phonemic,branch,,"Also pouš, which also means 'tree' 01.420.",,
8-540-315-1,yama1264,Yagán,670,mali,Phonemic,root,,,,
8-531-315-1,yama1264,Yagán,1486,tupušu,Phonemic,plant (vb),,,,
8-510-315-1,yama1264,Yagán,606,šuka,Phonemic,grass,,,,
8-311-315-1,yama1264,Yagán,714,amakana,Phonemic,seed,,,,
8-310-315-1,yama1264,Yagán,748,tupušu,Phonemic,sow,,Also means 'plant' 08.531.,,
8-250-315-1,yama1264,Yagán,284,akwaši,Phonemic,hoe,,,,
8-220-315-1,yama1264,Yagán,1418,wana,Phonemic,dig,,,,
7-422-315-1,yama1264,Yagán,806,[blankete],Phonemic,blanket,,From English 'blanket'.,,
7-310-315-1,yama1264,Yagán,185,tumalaku,Phonemic,fireplace,,,,
7-150-315-1,yama1264,Yagán,736,pinuš,Phonemic,"yard, court",,,,
7-140-315-1,yama1264,Yagán,1316,akar,Phonemic,tent,,"A typical Yagan protection, 'toldo'.",,
7-130-315-1,yama1264,Yagán,1678,akar,Phonemic,hut,,,,
7-120-315-1,yama1264,Yagán,1252,akar,Phonemic,house,,,,
6-960-315-1,yama1264,Yagán,1171,tala-alakana,Phonemic,mirror,,,,
6-921-315-1,yama1264,Yagán,333,kamaku,Phonemic,braid,,"Also means to weave baskets, 06.330.",,
6-910-315-1,yama1264,Yagán,1475,uškami,Phonemic,comb,,,,
6-780-315-1,yama1264,Yagán,330,yakamuš-uška,Phonemic,"headband, headdress",,Headdress of warriors.,,
6-780-315-3,yama1264,Yagán,330,apawara,Phonemic,"headband, headdress",,Headdress of warriors.,,
6-750-315-1,yama1264,Yagán,1961,polesif,Phonemic,necklace,,,,
6-580-315-1,yama1264,Yagán,867,mašalupina,Phonemic,glove,,A glove for work.,,
6-550-315-1,yama1264,Yagán,2130,[xata],Phonemic,"hat, cap",,From English 'hat'.,,
6-510-315-1,yama1264,Yagán,1381,kili,Phonemic,shoe,,,,
6-480-315-1,yama1264,Yagán,809,[tauses],Phonemic,trousers,,From English 'trousers'.,,
6-440-315-1,yama1264,Yagán,1622,[šata],Phonemic,shirt,,From English 'shirt'.,,
6-430-315-1,yama1264,Yagán,603,[kot],Phonemic,coat,,From English 'coat'.,,
6-380-315-1,yama1264,Yagán,1161,treta,Phonemic,thread,,,,
6-350-315-1,yama1264,Yagán,1457,umaka,Phonemic,sew,,,,
6-330-315-1,yama1264,Yagán,133,yatana,Phonemic,weave,,To weave baskets is kamaku.,,
6-320-315-1,yama1264,Yagán,277,lapata,Phonemic,spindle,,,,
6-310-315-1,yama1264,Yagán,121,uluna,Phonemic,spin,,,,
6-290-315-1,yama1264,Yagán,629,tatisa,Phonemic,leather,,First example also means 'skin' 04.120.,,
6-290-315-3,yama1264,Yagán,629,maeka,Phonemic,leather,,First example also means 'skin' 04.120.,,
6-280-315-1,yama1264,Yagán,580,tatisa,Phonemic,fur,,,,
6-280-315-3,yama1264,Yagán,580,maeka,Phonemic,fur,,,,
6-120-315-1,yama1264,Yagán,1895,uška,Phonemic,"clothing, clothes",,,,
5-970-315-1,yama1264,Yagán,744,xax,Phonemic,egg,,,,
5-850-315-1,yama1264,Yagán,862,[suka],Phonemic,sugar,,From English 'sugar'.,,
5-860-315-1,yama1264,Yagán,635,[milika],Phonemic,milk (noun),,From English 'milk'.,,
5-810-315-1,yama1264,Yagán,1274,[saulete],Phonemic,salt,,From English 'salt'.,,
5-791-315-1,yama1264,Yagán,323,ušlamuši,Phonemic,"grease, fat",,,,
5-790-315-1,yama1264,Yagán,1484,kun,Phonemic,oil,,Refers to oil from animal.,,
5-700-315-1,yama1264,Yagán,593,[pateitis],Phonemic,potato,,,,
5-660-315-1,yama1264,Yagán,832,[pinčs],Phonemic,bean,,,,
5-610-315-1,yama1264,Yagán,634,antapa,Phonemic,meat,,Also means 'flesh' 04.130.,,
5-510-315-1,yama1264,Yagán,1368,[preta],Phonemic,bread,,From English 'bread'.,,
5-510-315-3,yama1264,Yagán,1368,[bred],Phonemic,bread,,From English 'bread'.,,
5-480-315-1,yama1264,Yagán,1767,akita,Phonemic,scrape,,,,
5-460-315-1,yama1264,Yagán,275,ulupata,Phonemic,peel,,,,
5-410-315-1,yama1264,Yagán,1526,antama,Phonemic,meal (a),,,,
5-391-315-1,yama1264,Yagán,272,laka,Phonemic,tongs,,,,
5-391-315-3,yama1264,Yagán,272,ampa,Phonemic,tongs,,,,
5-380-315-1,yama1264,Yagán,1352,[naif],Phonemic,knife (2),,From English 'knife'.,,
5-380-315-3,yama1264,Yagán,1352,wila,Phonemic,knife (2),,From English 'knife'.,,
5-350-315-1,yama1264,Yagán,476,ayšu-tuku,Phonemic,"cup, drinking vessel",,Made of bark. Also see 'shell' 03.655.,,
5-330-315-1,yama1264,Yagán,1530,ayšu-tuku,Phonemic,bowl,,Made of bark.,,
5-340-315-1,yama1264,Yagán,270,čanka,Phonemic,"pitcher, jug",,,,
5-320-315-1,yama1264,Yagán,480,tukama,Phonemic,plate,,See previous entry.,,
5-310-315-1,yama1264,Yagán,481,tukama,Phonemic,dish,,The 'concha de marisco' used for a dish.,,
5-260-315-1,yama1264,Yagán,1462,[sospi],Phonemic,"pot, cooking vessel",,From Span. 'sopa'.,,
5-210-315-1,yama1264,Yagán,1100,[kuka],Phonemic,cook,,From English 'cook'.,,
5-180-315-1,yama1264,Yagán,321,isa,Phonemic,chew,,,,
5-160-315-1,yama1264,Yagán,1421,tapala,Phonemic,suck,,,,
5-141-315-1,yama1264,Yagán,199,amašoku,Phonemic,famine,,,,
5-140-315-1,yama1264,Yagán,1864,amašoku,Phonemic,hunger,,,,
5-130-315-1,yama1264,Yagán,1401,ala,Phonemic,drink,,,,
5-125-315-1,yama1264,Yagán,1728,lalakina,Phonemic,rotten,,,,
5-122-315-1,yama1264,Yagán,1959,pukiwa,Phonemic,raw,,,,
5-121-315-1,yama1264,Yagán,269,[kuka],Phonemic,cooked,,From English 'cook'.,,
5-120-315-1,yama1264,Yagán,256,antama,Phonemic,food,,,,
5-110-315-1,yama1264,Yagán,1336,atama,Phonemic,eat,,,,
4-970-315-1,yama1264,Yagán,1653,amaša,Phonemic,blind,,,,
4-980-315-1,yama1264,Yagán,1463,lama,Phonemic,intoxicated,,,,
4-950-315-1,yama1264,Yagán,996,malami,Phonemic,deaf,,,,
4-920-315-1,yama1264,Yagán,1564,xunum,Phonemic,lazy,,,,
4-910-315-1,yama1264,Yagán,1757,kutufunata,Phonemic,"tired, weary",,,,
4-870-315-1,yama1264,Yagán,597,[takter],Phonemic,physician,,From English 'doctor'.,,
4-860-315-1,yama1264,Yagán,499,uštaku-yamana,Phonemic,"cure, heal",,,,
4-857-315-1,yama1264,Yagán,1808,učama,Phonemic,pus,,,,
4-853-315-1,yama1264,Yagán,1903,mutatu,Phonemic,swelling,,,,
4-850-315-1,yama1264,Yagán,1109,alašu,Phonemic,"wound, sore",,,,
4-843-315-1,yama1264,Yagán,102,xaša,Phonemic,cold (catarrh),,,,
4-840-315-1,yama1264,Yagán,1847,sax,Phonemic,"sick, sickness",,,,
4-830-315-1,yama1264,Yagán,1364,[welis],Phonemic,"well, health",,From English 'well'.,,
4-820-315-1,yama1264,Yagán,1601,tuf,Phonemic,weak,,,,
4-810-315-1,yama1264,Yagán,785,manakata,Phonemic,"strong, mighty, powerful",,Also apeili.,,
4-790-315-1,yama1264,Yagán,1773,wannače,Phonemic,"grave, tomb",,,,
4-770-315-1,yama1264,Yagán,767,malaku,Phonemic,corpse,,,,
4-760-315-1,yama1264,Yagán,1417,kaipana,Phonemic,kill,,,,
4-750-315-1,yama1264,Yagán,1494,malaku,Phonemic,"die, dead",,,,
4-750-315-3,yama1264,Yagán,1494,xapana,Phonemic,"die, dead",,,,
4-740-315-1,yama1264,Yagán,1422,sinakin,Phonemic,"live, living, life",,,,
4-732-315-1,yama1264,Yagán,1087,tuku,Phonemic,conceive,,,,
4-732-315-3,yama1264,Yagán,1087,tuku-kayola,Phonemic,conceive,,,,
4-730-315-1,yama1264,Yagán,1123,amakena,Phonemic,pregnant,,,,
4-720-315-1,yama1264,Yagán,1090,ačikai,Phonemic,born (to be),,,,
4-710-315-1,yama1264,Yagán,1152,tuku,Phonemic,beget (of father),,,,
4-710-315-3,yama1264,Yagán,1152,tuku-kayola,Phonemic,beget (of father),,,,
4-690-315-1,yama1264,Yagán,138,ili,Phonemic,bathe,,,,
4-680-315-1,yama1264,Yagán,52,auku,Phonemic,shiver,,,,
4-670-315-1,yama1264,Yagán,1785,uštaku,Phonemic,have sexual intercourse,,,,
4-670-315-3,yama1264,Yagán,1785,ana,Phonemic,have sexual intercourse,,,,
4-660-315-1,yama1264,Yagán,676,ušlatu,Phonemic,defecate,,,,
4-650-315-1,yama1264,Yagán,592,čuxana,Phonemic,urinate,,Also wakatana.,,
4-640-315-1,yama1264,Yagán,1159,čixana,Phonemic,break wind,,,,
4-630-315-1,yama1264,Yagán,1602,tupwea,Phonemic,wake up,,,,
4-620-315-1,yama1264,Yagán,1920,ataš,Phonemic,dream,,,,
4-620-315-3,yama1264,Yagán,1920,akalu,Phonemic,dream,,,,
4-612-315-1,yama1264,Yagán,1983,čisyakar,Phonemic,snore,,Also kutufu.,,
4-610-315-1,yama1264,Yagán,1585,ataš,Phonemic,sleep,,,,
4-610-315-3,yama1264,Yagán,1585,akalu,Phonemic,sleep,,,,
4-590-315-1,yama1264,Yagán,319,walampina,Phonemic,lick,,,,
4-580-315-1,yama1264,Yagán,1403,yuta,Phonemic,bite,,,,
4-570-315-1,yama1264,Yagán,1278,amea,Phonemic,vomit,,,,
4-560-315-1,yama1264,Yagán,1440,čilfkana,Phonemic,spit,,,,
4-550-315-1,yama1264,Yagán,126,akula,Phonemic,perspire,,,,
4-540-315-1,yama1264,Yagán,1621,xenkisa,Phonemic,sneeze,,,,
4-530-315-1,yama1264,Yagán,879,myakasi,Phonemic,cough,,,,
4-521-315-1,yama1264,Yagán,162,kanakul,Phonemic,hiccough,,,,
4-521-315-3,yama1264,Yagán,162,anakula,Phonemic,hiccough,,,,
4-520-315-1,yama1264,Yagán,1028,myaku,Phonemic,"yawn, gape",,,,
4-510-315-1,yama1264,Yagán,1407,xašapana,Phonemic,"breathe, breath",,,,
4-492-315-1,yama1264,Yagán,1222,pinuš,Phonemic,penis,,,,
4-470-315-1,yama1264,Yagán,804,amakana,Phonemic,womb,,,,
4-464-315-1,yama1264,Yagán,834,yuna,Phonemic,buttocks,,,,
4-463-315-1,yama1264,Yagán,1745,kulaka,Phonemic,hip,,Cf. 'thigh' 04.351.,,
4-461-315-1,yama1264,Yagán,1991,upak,Phonemic,"intestines, guts",,,,
4-460-315-1,yama1264,Yagán,819,weina,Phonemic,stomach,,,,
4-451-315-1,yama1264,Yagán,489,šakala,Phonemic,kidney,,,,
4-451-315-3,yama1264,Yagán,489,kini,Phonemic,kidney,,,,
4-450-315-1,yama1264,Yagán,1224,weya,Phonemic,liver,,,,
4-450-315-3,yama1264,Yagán,1224,xipa,Phonemic,liver,,,,
4-441-315-1,yama1264,Yagán,688,yapa,Phonemic,lung,,,,
4-440-315-1,yama1264,Yagán,1223,seskin,Phonemic,heart,,,,
4-430-315-1,yama1264,Yagán,1838,kufu,Phonemic,navel,,,,
4-412-315-1,yama1264,Yagán,796,tapoš,Phonemic,"nipple, teat",,,,
4-410-315-1,yama1264,Yagán,1402,tapoš,Phonemic,breast (of woman),,,,
4-400-315-1,yama1264,Yagán,1592,kayapuš,Phonemic,chest,,,,
4-393-315-1,yama1264,Yagán,1201,uštuku,Phonemic,feather,,,,
4-392-315-1,yama1264,Yagán,1257,kamei,Phonemic,wing,,Also means 'arm' 04.310. Also tama.,,
4-380-315-1,yama1264,Yagán,1389,ašwa,Phonemic,toe,,,,
4-372-315-1,yama1264,Yagán,980,kušun,Phonemic,heel,,,,
4-371-315-1,yama1264,Yagán,803,pilatanku,Phonemic,ankle,,,,
4-370-315-1,yama1264,Yagán,1301,kouya,Phonemic,foot,,,,
4-360-315-1,yama1264,Yagán,1371,tulepuš,Phonemic,knee,,,,
4-352-315-1,yama1264,Yagán,498,ačtan,Phonemic,calf of leg,,,,
4-351-315-1,yama1264,Yagán,800,laka,Phonemic,thigh,,Cf. 'hip' 04.463.,,
4-350-315-1,yama1264,Yagán,1297,lateš,Phonemic,leg,,,,
4-345-315-1,yama1264,Yagán,72,yaš,Phonemic,claw,,,,
4-345-315-3,yama1264,Yagán,72,kaluf,Phonemic,claw,,,,
4-344-315-1,yama1264,Yagán,1258,kaluf,Phonemic,fingernail,,,,
4-342-315-1,yama1264,Yagán,1781,wayamwa,Phonemic,thumb,,,,
4-340-315-1,yama1264,Yagán,1303,uštikin,Phonemic,finger,,,,
4-331-315-1,yama1264,Yagán,1183,lanki,Phonemic,palm of hand,,,,
4-330-315-1,yama1264,Yagán,1277,yaš,Phonemic,hand,,,,
4-321-315-1,yama1264,Yagán,799,mapu,Phonemic,wrist,,,,
4-320-315-1,yama1264,Yagán,981,tamila,Phonemic,elbow,,,,
4-310-315-1,yama1264,Yagán,1673,kamei,Phonemic,arm,,Also means 'wing' 04.392.,,
4-302-315-1,yama1264,Yagán,1994,učkawi,Phonemic,collarbone,,,,
4-301-315-1,yama1264,Yagán,172,touka,Phonemic,shoulderblade,,,,
4-300-315-1,yama1264,Yagán,1482,touka,Phonemic,shoulder,,,,
4-290-315-1,yama1264,Yagán,1346,xuša,Phonemic,throat,,,,
4-281-315-1,yama1264,Yagán,1347,yalur,Phonemic,nape of neck,,,,
4-280-315-1,yama1264,Yagán,1333,xuša,Phonemic,neck,,,,
4-270-315-1,yama1264,Yagán,1380,tun,Phonemic,tooth,,,,
4-260-315-1,yama1264,Yagán,1205,lan,Phonemic,tongue,,,,
4-250-315-1,yama1264,Yagán,478,ya,Phonemic,lip,,,,
4-241-315-1,yama1264,Yagán,73,kašuš,Phonemic,beak,,,,
4-240-315-1,yama1264,Yagán,674,ya,Phonemic,mouth,,,,
4-232-315-1,yama1264,Yagán,208,xašapuk,Phonemic,mucus (nasal),,,,
4-231-315-1,yama1264,Yagán,1178,tawankaka,Phonemic,nostril,,,,
4-230-315-1,yama1264,Yagán,1221,kašuš,Phonemic,nose,,Also means 'beak' 04.241.,,
4-222-315-1,yama1264,Yagán,32,kun,Phonemic,earwax,,,,
4-221-315-1,yama1264,Yagán,18,ufkiš,Phonemic,earlobe,,,,
4-220-315-1,yama1264,Yagán,1247,ufkiš,Phonemic,ear,,,,
4-215-315-1,yama1264,Yagán,1655,šif,Phonemic,blink,,,,
4-214-315-1,yama1264,Yagán,1540,tala-ačala,Phonemic,eyelash,,,,
4-213-315-1,yama1264,Yagán,17,šif,Phonemic,eyelid,,,,
4-212-315-1,yama1264,Yagán,1173,uškaš-ačala,Phonemic,eyebrow,,Cf. 'body hair' 04.144.,,
4-210-315-1,yama1264,Yagán,1248,tala,Phonemic,eye,,Also tala-pai.,,
4-208-315-1,yama1264,Yagán,1730,čisa,Phonemic,cheek,,,,
4-209-315-1,yama1264,Yagán,1510,wani,Phonemic,chin,,,,
4-205-315-1,yama1264,Yagán,123,uškaš,Phonemic,forehead,,,,
4-207-315-1,yama1264,Yagán,798,wani,Phonemic,jaw,,,,
4-204-315-1,yama1264,Yagán,1560,čeisa,Phonemic,face,,,,
4-203-315-1,yama1264,Yagán,1583,ačkata,Phonemic,brain,,,,
4-202-315-1,yama1264,Yagán,1605,taša,Phonemic,skull,,,,
4-200-315-1,yama1264,Yagán,1256,lamana,Phonemic,head,,,,
4-191-315-1,yama1264,Yagán,805,amaka,Phonemic,spine,,,,
4-190-315-1,yama1264,Yagán,1291,ušwala,Phonemic,back,,,,
4-180-315-1,yama1264,Yagán,1220,tel,Phonemic,tail,,,,
4-162-315-1,yama1264,Yagán,801,iš,Phonemic,rib,,,,
4-160-315-1,yama1264,Yagán,1394,xatuš,Phonemic,bone,,,,
4-151-315-1,yama1264,Yagán,525,sapa-šwami,Phonemic,"vein, artery",,,,
4-150-315-1,yama1264,Yagán,946,sapa,Phonemic,blood,,,,
4-145-315-1,yama1264,Yagán,36,alačun,Phonemic,pubic hair,,,,
4-144-315-1,yama1264,Yagán,189,ačala,Phonemic,body hair,,,,
4-142-315-1,yama1264,Yagán,678,yašu,Phonemic,beard,,,,
4-140-315-1,yama1264,Yagán,1040,ušta,Phonemic,hair (head),,,,
4-130-315-1,yama1264,Yagán,2259,antapa,Phonemic,flesh,,Also means 'meat' 05.610.,,
4-120-315-1,yama1264,Yagán,763,tatisa,Phonemic,"skin, hide",,Also means 'leather' 06.290.,,
3-940-315-1,yama1264,Yagán,1543,atwel,Phonemic,snail,,Refers to a sea-snail.,,
3-920-315-1,yama1264,Yagán,1791,šakuš,Phonemic,butterfly,,,,
3-850-315-1,yama1264,Yagán,730,ušwatoli,Phonemic,snake,,,,
3-840-315-1,yama1264,Yagán,1219,tan-wankara,Phonemic,worm,,,,
3-830-315-1,yama1264,Yagán,1504,wina,Phonemic,fly,,,,
3-818-315-1,yama1264,Yagán,843,atekal-wankara,Phonemic,spider,,Refers to a sea-spider.,,
3-813-315-1,yama1264,Yagán,232,šinuš,Phonemic,flea,,,,
3-812-315-1,yama1264,Yagán,267,wam,Phonemic,nit (louse egg),,,,
3-811-315-1,yama1264,Yagán,1392,wam,Phonemic,louse,,,,
3-810-315-1,yama1264,Yagán,620,wankara,Phonemic,insect,,,,
3-740-315-1,yama1264,Yagán,1312,čiloe,Phonemic,fox,,,,
3-665-315-1,yama1264,Yagán,1013,tukupi,Phonemic,freshwater eel,,,,
3-663-315-1,yama1264,Yagán,957,wapisa,Phonemic,whale,,,,
3-662-315-1,yama1264,Yagán,1479,sauyanux,Phonemic,"porpoise, dolphin",,,,
3-655-315-1,yama1264,Yagán,598,lakaš,Phonemic,shell,,Lothrop (1928) gives 'shell used for drinking cup' auflán'; 'shell used for necklace' haúsh undálu; 'shell used for scraper-blade' chiamúnka.,,
3-654-315-1,yama1264,Yagán,1916,čilaoe,Phonemic,gill,,,,
3-652-315-1,yama1264,Yagán,213,amaka,Phonemic,fin (dorsal),,,,
3-650-315-1,yama1264,Yagán,227,apouš,Phonemic,fish,,,,
3-630-315-1,yama1264,Yagán,2139,wasana,Phonemic,"mouse, rat",,,,
3-620-315-1,yama1264,Yagán,1208,[kyat],Phonemic,cat,,From English 'cat'.,,
3-610-315-1,yama1264,Yagán,2009,yašala,Phonemic,dog,,,,
3-594-315-1,yama1264,Yagán,1853,olamana,Phonemic,dove,,,,
3-596-315-1,yama1264,Yagán,735,loškia,Phonemic,owl,,,,
3-592-315-1,yama1264,Yagán,882,kinan,Phonemic,parrot,,,,
3-591-315-1,yama1264,Yagán,1793,apawata,Phonemic,bat,,,,
3-584-315-1,yama1264,Yagán,1905,šakanini,Phonemic,eagle,,,,
3-582-315-1,yama1264,Yagán,950,kalala,Phonemic,seagull,,Also kyoaku.,,
3-581-315-1,yama1264,Yagán,937,pix,Phonemic,bird,,Cf. 'animal' 03.110.,,
3-580-315-1,yama1264,Yagán,539,kuš,Phonemic,nest,,,,
3-570-315-1,yama1264,Yagán,1360,alukuš,Phonemic,duck,,,,
3-550-315-1,yama1264,Yagán,1318,[šiki],Phonemic,chicken,,From English 'chicken'.,,
3-540-315-1,yama1264,Yagán,1514,[xaules],Phonemic,hen,,,,
3-520-315-1,yama1264,Yagán,1511,[rusta],Phonemic,"cock, rooster",,From English 'rooster'.,,
3-440-315-1,yama1264,Yagán,938,[xarse],Phonemic,mare,,From English 'horse'.,,
3-410-315-1,yama1264,Yagán,615,[xarse],Phonemic,horse (equine),,From English 'horse'.,,
3-350-315-1,yama1264,Yagán,1337,[pig],Phonemic,pig,,,,
3-290-315-1,yama1264,Yagán,820,[ľam],Phonemic,lamb,,From English 'lamb'.,,
3-280-315-1,yama1264,Yagán,1345,[šipa],Phonemic,ewe,,From English 'sheep'.,,
3-250-315-1,yama1264,Yagán,1331,[šipa],Phonemic,sheep,,From English 'sheep'.,,
3-230-315-1,yama1264,Yagán,1007,[kau],Phonemic,cow,,From English 'cow'.,,
3-220-315-1,yama1264,Yagán,1169,[bif],Phonemic,ox,,From English 'beef'.,,
3-130-315-1,yama1264,Yagán,2262,kipa,Phonemic,female (adj),,Same as 02.220.,,
3-110-315-1,yama1264,Yagán,619,pixa,Phonemic,animal,,Cf. 'bird' 03.581.,,
2-960-315-1,yama1264,Yagán,817,kyon,Phonemic,they,,,,
2-950-315-1,yama1264,Yagán,1213,san,Phonemic,you (plural),,,,
2-940-315-1,yama1264,Yagán,1212,xan,Phonemic,we,,Respectively: general form; dual form.,,
2-940-315-3,yama1264,Yagán,1212,xipi,Phonemic,we,,Respectively: general form; dual form.,,
2-930-315-1,yama1264,Yagán,262,kitu,Phonemic,he/she/it,,,,
2-920-315-1,yama1264,Yagán,1215,sa,Phonemic,you (singular),,,,
2-910-315-1,yama1264,Yagán,1209,xay,Phonemic,I,,,,
2-820-315-1,yama1264,Yagán,194,[famili],Phonemic,family,,From English 'family'.,,
2-810-315-1,yama1264,Yagán,1644,[famili],Phonemic,"relatives, kinsmen",,From English 'family'.,,
2-770-315-1,yama1264,Yagán,1981,šupun-wa,Phonemic,widower,,,,
2-760-315-1,yama1264,Yagán,1756,šupun-kipa,Phonemic,widow,,,,
2-750-315-1,yama1264,Yagán,1149,aruku,Phonemic,orphan,,,,
2-740-315-1,yama1264,Yagán,1058,masa-kipa,Phonemic,stepdaughter,,,,
2-730-315-1,yama1264,Yagán,1059,masaku,Phonemic,stepson,,,,
2-720-315-1,yama1264,Yagán,236,masa-kipa,Phonemic,stepmother,,,,
2-710-315-1,yama1264,Yagán,237,masaku,Phonemic,stepfather,,,,
2-641-315-1,yama1264,Yagán,2264,masa-kipa,Phonemic,daughter-in-law (of a woman),,,,
2-640-315-1,yama1264,Yagán,2265,masa-kipa,Phonemic,daughter-in-law (of a man),,,,
2-631-315-1,yama1264,Yagán,2266,masaku,Phonemic,son-in-law (of a woman),,,,
2-630-315-1,yama1264,Yagán,2267,masaku,Phonemic,son-in-law (of a man),,,,
2-621-315-1,yama1264,Yagán,2257,masa-kipa,Phonemic,mother-in-law (of a woman),,,,
2-620-315-1,yama1264,Yagán,2256,masa-kipa,Phonemic,mother-in-law (of a man),,,,
2-611-315-1,yama1264,Yagán,2254,masaku,Phonemic,father-in-law (of a woman),,,,
2-610-315-1,yama1264,Yagán,2255,masaku,Phonemic,father-in-law (of a man),,,,
2-550-315-1,yama1264,Yagán,1643,šamakuš,Phonemic,cousin,,,,
2-540-315-1,yama1264,Yagán,1642,yamana-kipa,Phonemic,niece,,,,
2-530-315-1,yama1264,Yagán,1063,yamana-maku,Phonemic,nephew,,,,
2-522-315-1,yama1264,Yagán,170,tanowa-kipa,Phonemic,father's sister,,,,
2-520-315-1,yama1264,Yagán,1272,tanowa-kipa,Phonemic,aunt,,,,
2-521-315-1,yama1264,Yagán,171,tanowa-kipa,Phonemic,mother's sister,,,,
2-512-315-1,yama1264,Yagán,1985,tanowa,Phonemic,father's brother,,,,
2-511-315-1,yama1264,Yagán,1984,tanowa,Phonemic,mother's brother,,,,
2-510-315-1,yama1264,Yagán,1327,tanowa,Phonemic,uncle,,,,
2-480-315-1,yama1264,Yagán,1618,makutsa,Phonemic,grandson,,,,
2-490-315-1,yama1264,Yagán,1619,makutsa,Phonemic,granddaughter,,,,
2-471-315-1,yama1264,Yagán,907,taripa,Phonemic,old woman,,,,
2-470-315-1,yama1264,Yagán,1496,kuluna,Phonemic,grandmother,,,,
2-461-315-1,yama1264,Yagán,406,taripa,Phonemic,old man,,,,
2-460-315-1,yama1264,Yagán,1383,ušwam,Phonemic,grandfather,,,,
2-458-315-1,yama1264,Yagán,1005,wolakemen,Phonemic,twins,,,,
2-455-315-1,yama1264,Yagán,1761,uš-kipa,Phonemic,younger sister,,,,
2-454-315-1,yama1264,Yagán,1758,wai-kipa,Phonemic,older sister,,,,
2-450-315-1,yama1264,Yagán,1263,way-kipa,Phonemic,sister,,,,
2-445-315-1,yama1264,Yagán,1760,ašouwa,Phonemic,younger brother,,,,
2-444-315-1,yama1264,Yagán,1759,wemu,Phonemic,older brother,,,,
2-440-315-1,yama1264,Yagán,1262,waym,Phonemic,brother,,,,
2-420-315-1,yama1264,Yagán,1357,ma-kipa,Phonemic,daughter,,,,
2-410-315-1,yama1264,Yagán,1620,maku,Phonemic,son,,,,
2-390-315-1,yama1264,Yagán,426,tuku,Phonemic,married woman,,,,
2-380-315-1,yama1264,Yagán,424,tuku,Phonemic,married man,,,,
2-370-315-1,yama1264,Yagán,505,tuku-turu,Phonemic,parents,,,,
2-360-315-1,yama1264,Yagán,1216,tapi,Phonemic,mother,,Also tapea; api.,,
2-350-315-1,yama1264,Yagán,1217,imu,Phonemic,father,,,,
2-350-315-3,yama1264,Yagán,1217,tapwin,Phonemic,father,,,,
2-340-315-1,yama1264,Yagán,1259,tuku,Phonemic,"marriage, wedding",,,,
2-330-315-1,yama1264,Yagán,203,tuku,Phonemic,marry,,,,
2-320-315-1,yama1264,Yagán,1199,tuku,Phonemic,wife,,,,
2-310-315-1,yama1264,Yagán,1200,tuku,Phonemic,husband,,,,
2-280-315-1,yama1264,Yagán,1289,kayola,Phonemic,"infant, baby",,,,
2-270-315-1,yama1264,Yagán,1304,wuxai,Phonemic,child,,Also yaxaki; čule-kipa (female).,,
2-261-315-1,yama1264,Yagán,77,šupan-kipa,Phonemic,young woman (adolescent),,,,
2-260-315-1,yama1264,Yagán,1646,čule-kipa,Phonemic,girl,,,,
2-251-315-1,yama1264,Yagán,76,wanleiwa,Phonemic,young man (adolescent),,,,
2-250-315-1,yama1264,Yagán,1366,wuxai,Phonemic,boy,,,,
2-250-315-3,yama1264,Yagán,1366,yaxaki,Phonemic,boy,,,,
2-240-315-1,yama1264,Yagán,1551,umpulux,Phonemic,female,,,,
2-240-315-3,yama1264,Yagán,1551,kipa,Phonemic,female,,,,
2-230-315-1,yama1264,Yagán,1553,yamana,Phonemic,male,,,,
2-220-315-1,yama1264,Yagán,962,kipa,Phonemic,woman,,,,
2-210-315-1,yama1264,Yagán,1554,yamana,Phonemic,man (vs. woman),,,,
2-100-315-1,yama1264,Yagán,683,yamana,Phonemic,"person, human being",,,,
1-890-315-1,yama1264,Yagán,1188,ikipašax,Phonemic,charcoal,,,,
1-880-315-1,yama1264,Yagán,10,touwa,Phonemic,firewood,,,,
1-870-315-1,yama1264,Yagán,1133,swali,Phonemic,match (noun),,Means 'firestone'.,,
1-860-315-1,yama1264,Yagán,737,tutukata,Phonemic,"light, kindle, ignite",,,,
1-852-315-1,yama1264,Yagán,1428,kušaina,Phonemic,burn (vb intrans),,,,
1-852-315-3,yama1264,Yagán,1428,ušola,Phonemic,burn (vb intrans),,,,
1-851-315-1,yama1264,Yagán,141,kukata,Phonemic,burn (vb trans),,,,
1-851-315-3,yama1264,Yagán,141,aye,Phonemic,burn (vb trans),,,,
1-841-315-1,yama1264,Yagán,67,pušaki,Phonemic,embers,,,,
1-840-315-1,yama1264,Yagán,646,afwa,Phonemic,ashes,,,,
1-830-315-1,yama1264,Yagán,778,ušku,Phonemic,smoke (noun),,Cf. 'smoke' 08.690.,,
1-820-315-1,yama1264,Yagán,889,šola,Phonemic,flame (noun),,,,
1-810-315-1,yama1264,Yagán,221,pušaki,Phonemic,fire,,,,
1-770-315-1,yama1264,Yagán,617,touf,Phonemic,ice,,Also atkila.,,
1-760-315-1,yama1264,Yagán,784,panaxa,Phonemic,snow (noun),,,,
1-750-315-1,yama1264,Yagán,658,palaxa,Phonemic,rain (noun),,,,
1-720-315-1,yama1264,Yagán,960,uša,Phonemic,wind,,,,
1-730-315-1,yama1264,Yagán,1489,xoka,Phonemic,cloud,,,,
1-630-315-1,yama1264,Yagán,1388,olana,Phonemic,"shade, shadow",,,,
1-620-315-1,yama1264,Yagán,11,akuš,Phonemic,darkness,,Also means 'night' 14.420.,,
1-610-315-1,yama1264,Yagán,630,šola,Phonemic,light (noun),,,,
1-590-315-1,yama1264,Yagán,1733,akayni,Phonemic,rainbow,,,,
1-580-315-1,yama1264,Yagán,858,tašeta,Phonemic,storm,,,,
1-560-315-1,yama1264,Yagán,1150,kalaša,Phonemic,thunder,,,,
1-570-315-1,yama1264,Yagán,2007,tumutušu,Phonemic,lightning (as striking),,,,
1-550-315-1,yama1264,Yagán,1654,tumutušu,Phonemic,lightning,,,,
1-540-315-1,yama1264,Yagán,1430,apanix,Phonemic,star,,,,
1-520-315-1,yama1264,Yagán,1343,lam,Phonemic,sun,,,,
1-510-315-1,yama1264,Yagán,1732,seyf,Phonemic,sky,,,,
1-440-315-1,yama1264,Yagán,2125,aiya,Phonemic,"stone, rock",,,,
1-440-315-3,yama1264,Yagán,2125,awi,Phonemic,"stone, rock",,,,
1-430-315-1,yama1264,Yagán,1803,yaku,Phonemic,wood,,,,
1-420-315-1,yama1264,Yagán,906,šopeya,Phonemic,tree (cf 08.600),,Also pouš.,,
1-410-315-1,yama1264,Yagán,420,ašuna,Phonemic,"woods, forest",,,,
1-380-315-1,yama1264,Yagán,1145,satana,Phonemic,swamp,,,,
1-360-315-1,yama1264,Yagán,666,winu,Phonemic,"river, stream, brook",,,,
1-354-315-1,yama1264,Yagán,613,yaraku,Phonemic,hightide,,,,
1-353-315-1,yama1264,Yagán,1026,ašu,Phonemic,lowtide,,,,
1-352-315-1,yama1264,Yagán,891,sači,Phonemic,tide,,,,
1-350-315-1,yama1264,Yagán,978,čili,Phonemic,wave,,Refers to the sea with small waves.,,
1-341-315-1,yama1264,Yagán,623,akamaka,Phonemic,lagoon,,,,
1-340-315-1,yama1264,Yagán,663,waya,Phonemic,"gulf, bay",,,,
1-330-315-1,yama1264,Yagán,624,akamaka,Phonemic,lake,,,,
1-329-315-1,yama1264,Yagán,645,ixa,Phonemic,ocean,,,,
1-324-315-1,yama1264,Yagán,1768,sia,Phonemic,foam,,,,
1-323-315-1,yama1264,Yagán,259,ukear,Phonemic,rough (of sea),,Refers to the sea with huge waves.,,
1-320-315-1,yama1264,Yagán,1474,ixa,Phonemic,sea,,,,
1-322-315-1,yama1264,Yagán,258,yaleku,Phonemic,calm (of sea),,,,
1-310-315-1,yama1264,Yagán,948,sima,Phonemic,water,,,,
1-270-315-1,yama1264,Yagán,113,peka,Phonemic,shore,,"See also 'gulf, bay' 01.340.",,
1-250-315-1,yama1264,Yagán,622,yeška,Phonemic,island,,,,
1-240-315-1,yama1264,Yagán,921,luči,Phonemic,valley,,,,
1-222-315-1,yama1264,Yagán,618,arakur,Phonemic,"cliff, precipice",,,,
1-220-315-1,yama1264,Yagán,2118,tular,Phonemic,"mountain, hill",,,,
1-214-315-1,yama1264,Yagán,640,pantru,Phonemic,mud,,,,
1-215-315-1,yama1264,Yagán,671,asola,Phonemic,sand,,,,
1-213-315-1,yama1264,Yagán,2,tan,Phonemic,dust,,,,
1-212-315-1,yama1264,Yagán,1228,tan,Phonemic,"earth=ground, soil",,,,
1-210-315-1,yama1264,Yagán,626,tan,Phonemic,"earth, land",,,,
14-350-315-1,yama1264,Yagán,204,čila,Phonemic,again,,,,
14-410-315-1,yama1264,Yagán,1225,mola,Phonemic,day,,,,
14-420-315-1,yama1264,Yagán,1233,akuš,Phonemic,night,,Also means 'darkness' 01.620. Also lakax.,,
14-451-315-1,yama1264,Yagán,1807,tukačim,Phonemic,afternoon,,,,
14-470-315-1,yama1264,Yagán,1283,anči mola,Phonemic,today,,,,
14-480-315-1,yama1264,Yagán,1329,xamašana,Phonemic,tomorrow,,,,
14-481-315-1,yama1264,Yagán,1179,xaku mola,Phonemic,day-after-tomorrow,,,,
14-481-315-3,yama1264,Yagán,1179,xaku-xamašana,Phonemic,day-after-tomorrow,,,,
14-490-315-1,yama1264,Yagán,1174,kunakea,Phonemic,yesterday,,,,
14-710-315-1,yama1264,Yagán,1370,xanuxa,Phonemic,month,,,,
14-730-315-1,yama1264,Yagán,1226,[yar],Phonemic,year,,From English 'year'.,,
14-740-315-1,yama1264,Yagán,1471,ina,Phonemic,winter,,,,
14-750-315-1,yama1264,Yagán,1537,kisi,Phonemic,spring,,,,
14-760-315-1,yama1264,Yagán,1342,kisi,Phonemic,summer,,,,
14-770-315-1,yama1264,Yagán,1276,xanis-luša,Phonemic,autumn,,,,
15-210-315-1,yama1264,Yagán,1587,ašata,Phonemic,smell (vb intrans),,Also akuečku.,,
15-212-315-1,yama1264,Yagán,375,xašama,Phonemic,sniff,,,,
15-220-315-1,yama1264,Yagán,1586,ašata,Phonemic,smell (vb trans),,Also akuečku.,,
15-260-315-1,yama1264,Yagán,42,ufka,Phonemic,"stinking, bad smelling",,,,
15-350-315-1,yama1264,Yagán,717,amaku,Phonemic,sweet,,,,
15-360-315-1,yama1264,Yagán,1091,pitufka,Phonemic,salty,,,,
15-410-315-1,yama1264,Yagán,1408,muš,Phonemic,hear,,,,
15-410-315-3,yama1264,Yagán,1408,mara,Phonemic,hear,,,,
15-420-315-1,yama1264,Yagán,1608,tumaku,Phonemic,listen,,,,
15-460-315-1,yama1264,Yagán,1314,ukausina,Phonemic,"quiet, silence",,,,
15-510-315-1,yama1264,Yagán,1409,tiki,Phonemic,see,,,,
15-520-315-1,yama1264,Yagán,1819,alakana,Phonemic,"look, look at",,,,
15-550-315-1,yama1264,Yagán,1039,tutiki,Phonemic,show,,Cf. 'see' 15.510.,,
15-620-315-1,yama1264,Yagán,250,yaku,Phonemic,light (in color),,,,
15-630-315-1,yama1264,Yagán,706,xamaša,Phonemic,dark (in color),,,,
15-640-315-1,yama1264,Yagán,1335,yaku,Phonemic,white,,,,
15-650-315-1,yama1264,Yagán,163,lampi,Phonemic,black,,Also kači.,,
15-660-315-1,yama1264,Yagán,156,luša,Phonemic,red,,,,
15-670-315-1,yama1264,Yagán,837,arlampi,Phonemic,blue,,,,
15-680-315-1,yama1264,Yagán,1425,arlampi,Phonemic,green,,,,
15-712-315-1,yama1264,Yagán,378,atankutu,Phonemic,pinch,,,,
15-740-315-1,yama1264,Yagán,1884,apeili,Phonemic,hard,,,,
15-750-315-1,yama1264,Yagán,1856,kutalu,Phonemic,soft,,,,
15-760-315-1,yama1264,Yagán,1923,kuma,Phonemic,rough,,,,
15-770-315-1,yama1264,Yagán,1234,kutalu,Phonemic,smooth,,,,
15-780-315-1,yama1264,Yagán,1396,akusimorana,Phonemic,sharp,,,,
15-810-315-1,yama1264,Yagán,1210,xašu,Phonemic,heavy,,,,
15-820-315-1,yama1264,Yagán,1052,tokšu,Phonemic,light (in weight),,,,
15-830-315-1,yama1264,Yagán,1726,ixa,Phonemic,"wet, damp",,,,
15-840-315-1,yama1264,Yagán,1398,paka,Phonemic,dry,,,,
15-850-315-1,yama1264,Yagán,1286,putru,Phonemic,hot,,,,
15-851-315-1,yama1264,Yagán,1232,putru,Phonemic,warm,,,,
15-860-315-1,yama1264,Yagán,1287,teri,Phonemic,cold,,,,
15-880-315-1,yama1264,Yagán,1230,[tati],Phonemic,"dirty, soiled",,From English 'dirty'. Both pronunciations are recorded; the latter with a borrowed /d/ and a consonant cluster.,,
15-880-315-3,yama1264,Yagán,1230,[derti],Phonemic,"dirty, soiled",,From English 'dirty'. Both pronunciations are recorded; the latter with a borrowed /d/ and a consonant cluster.,,
16-110-315-1,yama1264,Yagán,53,kan,Phonemic,"soul, spirit",,,,
16-230-315-1,yama1264,Yagán,1495,šapakuta,Phonemic,"joyful, glad, happy",,,,
16-250-315-1,yama1264,Yagán,1355,toška,Phonemic,laugh,,,,
16-260-315-1,yama1264,Yagán,1413,miku,Phonemic,play,,,,
16-270-315-1,yama1264,Yagán,923,kur,Phonemic,love,,,,
16-300-315-1,yama1264,Yagán,928,wokata,Phonemic,embrace,,,,
16-340-315-1,yama1264,Yagán,1875,anuna,Phonemic,"regret, be sorry",,,,
16-350-315-1,yama1264,Yagán,1141,tumuru,Phonemic,pity,,,,
16-370-315-1,yama1264,Yagán,1839,ara,Phonemic,"cry, weep",,,,
16-380-315-1,yama1264,Yagán,1651,yaištepana,Phonemic,tear (noun),,,,
16-390-315-1,yama1264,Yagán,716,kaimana,Phonemic,groan,,,,
16-410-315-1,yama1264,Yagán,1607,amana,Phonemic,hate,,,,
16-420-315-1,yama1264,Yagán,82,kulala,Phonemic,anger,,,,
16-450-315-1,yama1264,Yagán,1776,unusi,Phonemic,shame (noun),,,,
16-480-315-1,yama1264,Yagán,174,ušuwana,Phonemic,proud,,,,
16-520-315-1,yama1264,Yagán,3,apeili,Phonemic,brave,,,,
16-530-315-1,yama1264,Yagán,781,yenkina,Phonemic,"fear, fright",,,,
16-622-315-1,yama1264,Yagán,1750,tenukata,Phonemic,choose,,,,
16-660-315-1,yama1264,Yagán,1657,auwan,Phonemic,true,,,,
16-670-315-1,yama1264,Yagán,601,yaus,Phonemic,"lie, tell lies",,,,
16-710-315-1,yama1264,Yagán,1035,[welisa],Phonemic,good,,,,
16-720-315-1,yama1264,Yagán,1292,ulafana,Phonemic,bad,,,,
16-730-315-1,yama1264,Yagán,1725,opana,Phonemic,"right, correct",,,,
16-730-315-3,yama1264,Yagán,1725,katika,Phonemic,"right, correct",,,,
16-810-315-1,yama1264,Yagán,1427,welitis,Phonemic,beautiful,,,,
16-820-315-1,yama1264,Yagán,1548,ačanuwa,Phonemic,ugly,,Also ulafana.,,
16-830-315-1,yama1264,Yagán,2018,čišuya,Phonemic,greedy,,Means glutton.,,
17-130-315-1,yama1264,Yagán,1415,mwailana,Phonemic,think (= reflect),,,,
17-150-315-1,yama1264,Yagán,1890,anašana,Phonemic,believe,,,,
17-160-315-1,yama1264,Yagán,1536,ayoalana,Phonemic,understand,,,,
17-170-315-1,yama1264,Yagán,1410,ela,Phonemic,know,,,,
17-210-315-1,yama1264,Yagán,698,yualux,Phonemic,wise,,,,
17-220-315-1,yama1264,Yagán,1518,ečeweyauš,Phonemic,"foolish, stupid",,,,
17-270-315-1,yama1264,Yagán,1038,[profesor],Phonemic,teacher,,From Span. 'profesor'.,,
17-280-315-1,yama1264,Yagán,673,čeaxous,Phonemic,school,,See discussion in section on Yagan.,,
17-320-315-1,yama1264,Yagán,1523,malaminata,Phonemic,forget,,,,
17-550-315-1,yama1264,Yagán,1268,aou,Phonemic,"yes, affirmative",,,,
17-560-315-1,yama1264,Yagán,1269,paf,Phonemic,"no, negative",,,,
17-610-315-1,yama1264,Yagán,1239,kunta,Phonemic,how?,,,,
17-640-315-1,yama1264,Yagán,1236,koute,Phonemic,what?,,,,
17-650-315-1,yama1264,Yagán,1238,končita,Phonemic,when?,,,,
17-660-315-1,yama1264,Yagán,1237,kutup,Phonemic,where?,,,,
17-670-315-1,yama1264,Yagán,727,kunta,Phonemic,which?,,,,
17-680-315-1,yama1264,Yagán,1235,kana,Phonemic,who?,,,,
17-690-315-1,yama1264,Yagán,1270,koutupi,Phonemic,why?,,,,
18-120-315-1,yama1264,Yagán,1261,tapelsena,Phonemic,sing,,,,
18-130-315-1,yama1264,Yagán,715,kalana,Phonemic,"shout, cry out",,,,
18-170-315-1,yama1264,Yagán,1025,ulufki,Phonemic,whistle,,,,
18-210-315-1,yama1264,Yagán,1623,kutana,Phonemic,"speak, talk",,Also yapimata; yaka; čikuta.,,
18-220-315-1,yama1264,Yagán,1458,kutana,Phonemic,say,,Also yapimata; yaka; čikuta.,,
18-221-315-1,yama1264,Yagán,1711,yakar,Phonemic,tell story,,,,
18-240-315-1,yama1264,Yagán,1307,kuta,Phonemic,language,,,,
18-260-315-1,yama1264,Yagán,1599,kuta,Phonemic,word,,,,
18-280-315-1,yama1264,Yagán,1405,wapus,Phonemic,name,,,,
18-310-315-1,yama1264,Yagán,1309,tumu-kutana,Phonemic,"ask (question, inquire)",,,,
18-380-315-1,yama1264,Yagán,83,ufki,Phonemic,forbid,,,,
18-410-315-1,yama1264,Yagán,1084,aye,Phonemic,call (=summon),,,,
18-420-315-1,yama1264,Yagán,180,twapana,Phonemic,call (=name),,,,
18-440-315-1,yama1264,Yagán,1192,minaka,Phonemic,threaten,,,,
18-510-315-1,yama1264,Yagán,1672,itamani,Phonemic,write,,,,
18-520-315-1,yama1264,Yagán,724,tumena,Phonemic,read,,,,
18-560-315-1,yama1264,Yagán,648,[peiper],Phonemic,paper,,From English 'paper'.,,
19-110-315-1,yama1264,Yagán,1300,uši,Phonemic,country,,,,
19-160-315-1,yama1264,Yagán,930,uštuwakata,Phonemic,village,,,,
19-210-315-1,yama1264,Yagán,789,mali,Phonemic,people (populace),,,,
19-240-315-1,yama1264,Yagán,301,tawina,Phonemic,"chief, chieftain",,,,
19-250-315-1,yama1264,Yagán,1296,tumakae,Phonemic,"staff, walking stick",,,,
19-510-315-1,yama1264,Yagán,1325,maraku,Phonemic,"friend, companion",,,,
19-550-315-1,yama1264,Yagán,791,poli,Phonemic,stranger,,Refers to white people. poluwa refers to a white man.,,
19-580-315-1,yama1264,Yagán,1897,kaičinana,Phonemic,"help, aid",,,,
19-650-315-1,yama1264,Yagán,1831,tiki,Phonemic,meet,,,,
20-110-315-1,yama1264,Yagán,1423,emuka,Phonemic,fight (vb),,,,
20-230-315-1,yama1264,Yagán,387,watawa,Phonemic,sling,,,,
20-240-315-1,yama1264,Yagán,994,wina,Phonemic,bow,,,,
20-250-315-1,yama1264,Yagán,977,yakuš,Phonemic,arrow,,,,
20-260-315-1,yama1264,Yagán,945,saya,Phonemic,spear,,,,
20-430-315-1,yama1264,Yagán,722,akiwara,Phonemic,attack,,,,
20-530-315-1,yama1264,Yagán,19,ina,Phonemic,fishing line,,,,
20-540-315-1,yama1264,Yagán,388,mata,Phonemic,fishnet,,,,
20-550-315-1,yama1264,Yagán,389,čawanux,Phonemic,fish trap,,,,
20-560-315-1,yama1264,Yagán,2013,xufana,Phonemic,bait,,,,
20-610-315-1,yama1264,Yagán,1435,kopana,Phonemic,hunt,,Also okukwana.,,
20-650-315-1,yama1264,Yagán,1170,ata,Phonemic,trap (vb),,,,
21-380-315-1,yama1264,Yagán,218,pisa,Phonemic,fine,,,,
21-420-315-1,yama1264,Yagán,845,amaiwaina,Phonemic,murder,,,,
21-430-315-1,yama1264,Yagán,902,inkaka,Phonemic,adultery,,,,
21-510-315-1,yama1264,Yagán,713,šeina,Phonemic,steal,,,,
21-520-315-1,yama1264,Yagán,1160,šeina,Phonemic,thief,,,,
22-120-315-1,yama1264,Yagán,1944,watainewa,Phonemic,God,,,,
22-170-315-1,yama1264,Yagán,24,ašu,Phonemic,pray,,,,
22-180-315-1,yama1264,Yagán,852,[prista],Phonemic,priest,,From English 'priest'.,,
22-240-315-1,yama1264,Yagán,8,xapaša,Phonemic,curse,,,,
22-350-315-1,yama1264,Yagán,1973,tifoli,Phonemic,demon (evil spirit),,,,
22-430-315-1,yama1264,Yagán,2137,kačpix,Phonemic,"sorcerer, witch",,,,
22-450-315-1,yama1264,Yagán,1175,xanuš,Phonemic,"ghost, phantom",,,,
